input_source,mrn,patient_id,account_number,visit_number,chart_number,project_key,facility,facility_type,patient_last_name,patient_first_name,patient_phone,patient_address,patient_city,patient_state,patient_zip,patient_birthday,patient_gender,subscriber_last_name,subscriber_first_name,subscriber_relationship,subscriber_phone,subscriber_address,subscriber_city,subscriber_state,subscriber_zip,subscriber_birthday,subscriber_gender,current_billed_financial_class,current_billed_payer_name,member_id_current_billed_payer,group_number_current_billed_payer,current_billed_relationship,cob,payer_id_current_billed_payer,timely_filing_limit,appeal_limit,primary_payer_financial_class,primary_payer_name,member_id_primary_payer,group_number_primary_payer,relationship_primary_payer,cob_primary,payer_id_primary_payer,secondary_payer_financial_class,secondary_payer_name,member_id_secondary_payer,group_number_secondary_payer,relationship_secondary_payer,cob_secondary,payer_id_secondary_payer,tertiary_payer_financial_class,tertiary_payer_name,member_id_tertiary_payer,group_number_tertiary_payer,relationship_tertiary_payer,cob_tertiary,payer_id_tertiary_payer,auth_number,claim_number,facility_code,claim_frequency_type,signature,assignment_code,assign_certification,release_info_code,,service_date,van_trace_number,rendering_provider_id,taxonomy_code,procedure_code,amount,procedure_count,tooth_code,procedure_code2,amount2,procedure_count2,tooth_code2,procedure_code3,amount3,procedure_count3,tooth_code3,procedure_code4,amount4,procedure_count4,tooth_code4,dx1,dx2,dx3,dx4,dx5,dx6,total_charged,check_number,insurance_balance,patient_balance,contract_name,division,type_of_service,current_queue,queue_days,lates_action_date,next_follow_up_before,claim_denial_date,claim_denial_code,claim_denial_description,latest_pay_date,latest_pay_amount,claim_priority,category,sub_category,status,action,provider_name,provider_npi,provider_location,assigned_to,last_claim_status_check_date,last_ev_check_date,last_ins_disc_check_date,under_pay
as,mrn1,pa311,57083,47680,C13726,PRJ69250,"Cummings, Lindsey and Robinson",Emergency,mark,juckerberg,(961)634-6662,"008 Gomez Ferry
West Christopher, IN 48862",Port Scottmouth,RI,61240,7/22/1994,Other,Jones,Barbara,Spouse,780.669.9907,"2604 Joshua Squares
Randallfurt, PA 24400",Port Michael,VA,11581,04-05-1978,M,explain,Blake Ltd,11bKWAZ,23115,Child,ask,11jCYQQ,304,279,sport,Key-Patterson,71LciLb,3990,Other,writer,04wnhTY,card,"Peterson, Barron and Harper",71Omhtf,41703,Child,talk,91vUMVO,hard,"Kline, Simon and Friedman",78oFeEI,52826,Spouse,speech,47evdtf,69866,87661,FC30,simple,worry,east,ask,many,,02-10-2024,68561,RP67913,TAX03639,PC74904,1092.95,9,T34,PC96066,,,T42,PC96796,6871.95,3,T92,PC50751,8899.79,,T63,DX53,DX07,DX73,,,,10535.15,CHK35772,2422.85,,Miller Group,think,common,son,48,3/15/2024,9/18/2020,06-10-2023,D54651,Class make sort statement laugh.,5/17/2020,6433.83,car,it,school,card,business,"Mcdonald, Reynolds and Porter",NPI48660,"63009 Williams Meadows
Port Nicholas, VT 64545",,2/22/2021,9/28/2021,03-05-2023,432.5
final,mrn2,pa312,96682,34405,C16932,PRJ95107,"Walters, Yoder and Blevins",Acute Care,danny,danils,(323)654-8849,"80728 Henry Shoals
New Zachary, AZ 21450",Marcmouth,MN,49045,03-10-1969,Female,Arellano,Gary,Child,400-536-5533x29598,"88131 David Rue
Lake Haroldmouth, ND 32144",Lake Emily,GU,14334,12/30/1981,F,speech,Wright Ltd,81bPWmh,89829,Self,window,74NenkN,258,240,leg,Lopez-Coleman,53jPyXY,25364,Self,last,93lAhMu,article,Henry Inc,70ClteH,54756,Child,PM,53IDhZs,region,"Kline, Simon and Friedman",63fgbHl,46589,Spouse,in,59cdVEk,37110,40617,FC56,treatment,adult,energy,best,list,,03-10-2024,79152,RP03971,TAX42996,PC74018,3876.51,1,T00,PC29798,7559.79,,T68,,4147.08,,T15,,6915.99,,T55,DX11,DX48,,DX27,,DX28,36733.89,CHK51899,4525.09,660.31,"Schmitt, Hudson and Rodriguez",wrong,behavior,author,21,10-05-2021,10-04-2020,12/27/2022,D96954,Community second season Congress.,12/21/2023,9094.88,by,increase,sign,face,may,Hunt-Ford,NPI43565,"5874 Nicole Mountains
Jorgeton, KS 34757",,05-01-2020,02-02-2022,9/20/2021,
believe,mrn3,pa313,23235,83683,C95912,PRJ52805,"Scott, Lopez and Foster",Emergency,sigma,male,733.378.5222x03640,"50881 John Squares Apt. 820
South Joseph, TN 43649",Port Stephenview,OR,61531,1/17/1989,Other,Keller,Ashley,Other,451.800.0971,"8553 Bernard Wall
North Jason, IA 42828",New Jonathan,MH,92257,11/23/1980,M,page,Wu-Brown,70nDGqb,52954,Other,it,01WrCOF,194,97,drop,Ball-Thompson,23yYVKU,56674,Spouse,wall,60CvTMD,probably,"Martinez, Fisher and Fox",60vTVhH,84760,Self,share,89rgTvD,subject,"Kline, Simon and Friedman",17GqmOX,70331,Child,across,03Vbsyx,28049,36749,FC09,computer,within,seek,case,sister,,04-10-2024,60100,RP86558,TAX67985,PC04244,201.47,4,T12,,9739.35,3,T87,,,,T80,PC77046,7103.93,,,,,DX61,,DX37,,38063.67,,3822.36,,Dominguez-Williams,want,field,us,23,11/15/2022,5/15/2020,2/19/2023,D47594,Attorney discuss hundred.,7/27/2021,9414.28,hope,probably,affect,send,fact,"King, Alvarez and Matthews",NPI09426,"622 Johnson Path Suite 766
Santosview, NC 19936",,12-06-2022,4/25/2020,11/24/2021,
party,mrn4,pa314,33225,38074,C69197,PRJ72948,"Grant, Moore and Bailey",Emergency,jack,denails,721.707.5907,"6258 Allison Mews Suite 235
East Frank, VT 80243",West Mark,WI,19299,12-05-1985,Female,Pearson,Cody,Other,334.944.5906,"586 Isaiah Mill Suite 409
Chavezside, MO 28799",South John,AS,50431,04-06-1978,F,blood,Jenkins-Boyd,71FIwqT,4360,Spouse,collection,87jUPpT,308,99,whose,Charles Inc,14oFCPi,63439,Other,require,71GNoFo,eat,Carlson PLC,55mrKCI,70329,Spouse,cover,79QFhta,trade,"Harvey, Gordon and Whitaker",80KXPIp,97064,Self,hope,99ZHgez,85181,13340,FC24,road,trip,add,sing,campaign,,05-10-2024,82702,RP92590,TAX68045,PC95051,6840.34,5,T75,,,3,,,3252.06,5,T59,,,9,,DX87,DX49,DX23,,DX63,,13799.13,,3141.68,,"Sutton, Brown and Shah",picture,society,never,19,12/19/2022,11/24/2021,02-11-2022,D31131,There manage approach modern discover determine sign cause.,06-07-2021,2152.9,other,part,prevent,evidence,for,"Davis, Gutierrez and Jackson",NPI15616,"84915 Turner Inlet
Snyderland, NE 13809",,06-04-2020,07-07-2021,06-09-2024,401.66
ok,mrn5,pa315,31554,10563,C64576,PRJ17820,"Patel, Hamilton and Armstrong",Outpatient,rock,salt,(919)788-5570x073,"24706 Walker Union
Johnsontown, PR 04939",Porterside,HI,47276,3/28/1959,Other,Reid,Rose,Self,(559)792-5545x872,"60780 Taylor Summit
Reyeshaven, MT 43415",Port Cristina,OH,79737,7/17/1952,M,top,Holmes-Rodriguez,88zkVUc,89841,Self,over,13BbGuj,72,102,animal,"Washington, Ward and Welch",92MMSog,63753,Self,forward,19mpfXM,want,White Ltd,91fQJAD,72691,Child,factor,29OTaQN,enough,"Rocha, Watts and Morris",78vrosZ,99952,Self,while,23VvfbK,59739,3489,FC67,call,debate,receive,style,democratic,,06-10-2024,66630,RP93331,TAX07591,PC09474,8352.43,7,T20,,,,,PC48475,,6,T69,,,,,DX52,,,,,DX31,38524.55,CHK94626,,2634.31,Fernandez PLC,senior,individual,bag,76,09-11-2022,3/18/2024,11/17/2020,D48569,Seven TV expect rate fact benefit.,10-03-2022,4535.71,pull,week,chance,long,behind,"Larsen, Russell and Atkins",NPI50531,"028 Curtis Burgs
South Jacquelineburgh, FM 04150",,02-10-2023,4/16/2023,02-09-2022,
as,mrn6,pa316,57083,47680,C13726,PRJ69250,"Cummings, Lindsey and Robinson",Emergency,mary,christ,(961)634-6662,"008 Gomez Ferry
West Christopher, IN 48862",Port Scottmouth,RI,61240,7/22/1994,Other,Jones,Barbara,Spouse,780.669.9907,"2604 Joshua Squares
Randallfurt, PA 24400",Port Michael,VA,11581,04-05-1978,M,explain,Blake Ltd,11bKWAZ,23115,Child,ask,11jCYQQ,304,279,sport,Key-Patterson,71LciLb,3990,Other,writer,04wnhTY,card,"Peterson, Barron and Harper",71Omhtf,41703,Child,talk,91vUMVO,hard,"Kline, Simon and Friedman",78oFeEI,52826,Spouse,speech,47evdtf,69866,87661,FC30,simple,worry,east,ask,many,,07-10-2024,68561,RP67913,TAX03639,PC74904,1092.95,9,T34,PC96066,,,T42,PC96796,6871.95,3,T92,PC50751,8899.79,,T63,DX53,DX07,DX73,,,,10535.15,CHK35772,2422.85,,Miller Group,think,common,son,48,3/15/2024,9/18/2020,06-10-2023,D54651,Class make sort statement laugh.,5/17/2020,6433.83,car,it,school,card,business,"Mcdonald, Reynolds and Porter",NPI48660,"63009 Williams Meadows
Port Nicholas, VT 64545",,2/22/2021,9/28/2021,03-05-2023,432.5
final,mrn7,pa317,96682,34405,C16932,PRJ95107,"Walters, Yoder and Blevins",Acute Care,barak,obama,(323)654-8849,"80728 Henry Shoals
New Zachary, AZ 21450",Marcmouth,MN,49045,03-10-1969,Female,Arellano,Gary,Child,400-536-5533x29598,"88131 David Rue
Lake Haroldmouth, ND 32144",Lake Emily,GU,14334,12/30/1981,F,speech,Wright Ltd,81bPWmh,89829,Self,window,74NenkN,258,240,leg,Lopez-Coleman,53jPyXY,25364,Self,last,93lAhMu,article,Henry Inc,70ClteH,54756,Child,PM,53IDhZs,region,"Kline, Simon and Friedman",63fgbHl,46589,Spouse,in,59cdVEk,37110,40617,FC56,treatment,adult,energy,best,list,,08-10-2024,79152,RP03971,TAX42996,PC74018,3876.51,1,T00,PC29798,7559.79,,T68,,4147.08,,T15,,6915.99,,T55,DX11,DX48,,DX27,,DX28,36733.89,CHK51899,4525.09,660.31,"Schmitt, Hudson and Rodriguez",wrong,behavior,author,21,10-05-2021,10-04-2020,12/27/2022,D96954,Community second season Congress.,12/21/2023,9094.88,by,increase,sign,face,may,Hunt-Ford,NPI43565,"5874 Nicole Mountains
Jorgeton, KS 34757",,05-01-2020,02-02-2022,9/20/2021,
